mass,Gamma/MQ,Gamma/MQ(%),sigmaHat(bW_bj)(pb),QCDscaleUp(%) ,QCDscaleUp(%),sigmaSinglet(bW_bj)(fb),kappaSinglet,sigmaDoublet(bW_bj)(fb),kappaDoublet
600,6,1,67.9704,26.6,-19.3,7.200507940003007,0.22127620349551208,23.514963556377268,0.2974609808158621
600,60,10,6.39195,26.7,-19.3,67.71372057116368,0.6997367950407302,221.13518723471648,0.9406542144057756
600,120,20,2.99209,27,-19.5,126.78794182293238,0.9895772656380832,414.056043850858,1.3302859475160569
600,180,30,1.87073,26.8,-19.4,178.35978009165234,1.2119796809359547,582.4760924820141,1.6292608917045912
650,6.5,1,56.1744,27.2,-19.6,4.137526480143916,0.20205726514449626,13.922934824799029,0.2736667101866655
650,65,10,5.33347,27.5,-19.8,39.28368323658675,0.6389611756411595,132.19109630013116,0.8654101239550666
650,130,20,2.48747,27.5,-19.8,73.28585970522931,0.9036275604215849,246.60972036118127,1.2238747343122367
650,195,30,1.55749,27.4,-19.7,103.24525950973064,1.1067132202744294,347.42424635151633,1.4989343040746552
700,7,1,3906.72,28,-20,189.24589667877652,0.18196062965372217,668.5226002298805,0.24945937877399285
700,70,10,390.061,28.5,-20.3,1889.4992142876943,0.5754100341841375,6674.770497201422,0.7888598206164796
700,140,20,195.356,28.9,-20.5,3785.3054625444383,0.8137526742687734,13371.820974168455,1.1156162571270323
700,210,30,129.345,29.4,-20.7,5639.055129449947,0.9966394143918706,19920.30402845879,1.366345289357413
800,8,1,3499.82,29.2,-20.7,96.43829001300197,0.15802464837853522,350.89230120423,0.21825083667889272
800,80,10,348.873,29.7,-20.9,961.3270268672684,0.4997178153234052,3497.8041670149714,0.69016974514272
800,240,30,112.32,30.4,-21.3,2785.5015003155427,0.8655366455874591,10135.092931674544,1.1954090644340543
900,9,1,3105.37,30.4,-21.3,52.344139716766136,0.13975345806095826,194.31946324321808,0.1939878911328378
900,90,10,305.037,30.7,-21.5,514.170593094645,0.44193923835744675,1908.7782167445916,0.6134435744725486
900,270,30,97.4948,31.5,-21.8,1479.0357637165152,0.7654612146933903,5490.689832291937,1.0625154385631166
1000,10,1,2743.28,31.3,-21.8,29.903320032146453,0.1253245640045215,112.60937458419664,0.1745822099980372
1000,100,10,270.119,31.8,-22,294.4451497391212,0.3963110690218405,1108.8161490372338,0.5520774225396178
1000,200,20,130.563,32,-22.1,569.2845314159889,0.5604684887292666,2143.8012559908525,0.7807553784355092
1000,300,30,84.4369,32.2,-22.2,828.3694259791605,0.6864309071477639,3119.4584040803406,0.9562261455502892
1100,11,1,2414.91,32.3,-22.3,17.78934775341255,0.1136288609745443,67.70040706964208,0.15870714058354793
1100,110,10,236.105,32.7,-22.5,173.9258999846566,0.35932600861018005,661.9047753820159,0.5018760451765559
1200,12,1,2112.56,33.2,-22.7,10.899668510012466,0.10395010776979453,41.813488299048714,0.14547913879499677
1200,120,10,205.467,33.5,-22.8,106.0098737904122,0.32871910357251677,406.6768281298824,0.4600454306319533
1300,13,1,1853.19,34,-23.1,6.898567406389772,0.09580399635564343,26.62925609858936,0.13428690241668587
1300,130,10,180.504,34.3,-23.3,67.19327274175771,0.3029588374303041,259.37368768554603,0.4246524715654968
1400,14,1,1614.53,34.8,-23.5,4.446262732461788,0.08885075759234791,17.247744482114136,0.12469396424339865
1400,140,10,155.936,35,-23.6,42.9432977677195,0.2809707658233178,166.58372923159993,0.39431693748473423
1500,15,1,1407.78,35.6,-23.9,2.9302066177449344,0.08284470350857119,11.411892728340609,0.11638033606317565
1500,150,10,136.13,35.8,-24,28.334613851142766,0.2619779551684276,110.35111715672952,0.3680269368154687
1500,300,20,64.5831,35.8,-24,53.77028428148792,0.37049277724196095,209.41209827208638,0.520468685363062
1600,16,1,1225.22,36.3,-24.2,1.9635702533412014,0.07760361925420972,7.672099598452448,0.10910607262232529
1600,160,10,118.295,36.4,-24.3,18.958272238373286,0.2454041915158001,74.0741272586909,0.3450236960422881
1600,320,20,55.9994,36.6,-24.3,35.898452863960834,0.34705393590484895,140.26312801083174,0.48793719028309623
1600,480,30,35.4644,36.6,-24.3,51.15257407105197,0.425052528095729,199.86432485547198,0.5975985713604439
1700,17,1,1064.34,37,-24.5,1.3348256406386854,0.07298942184893216,5.229482910740495,0.10268771156157992
1700,170,10,102.139,37.1,-24.6,12.809605587424567,0.23081281814148397,50.18454206551695,0.32472705624499837
1700,340,20,48.3706,37,-24.5,24.26529760530567,0.3264186177852414,95.06481991929803,0.45923340701116755
1800,18,1,921.811,37.7,-24.9,0.9177196717543145,0.06889551061579145,3.603472234883713,0.09698257433821751
1800,180,10,89.0513,37.8,-24.9,8.865605835176074,0.2178667341062107,34.811245150068714,0.3066858282553644
1800,360,20,41.8982,37.7,-24.9,16.68489629700518,0.30811009016293617,65.51408060507187,0.43371925770636205
1900,19,1,798.678,38.3,-25.2,0.6392714620521387,0.06523824710921508,2.5149123572098144,0.09187802853813333
1900,190,10,77.2811,38.3,-25.2,6.185672046306211,0.2063014514220152,24.3346121176203,0.2905438371064519
1900,380,20,36.4692,38.2,-25.1,11.676154246828808,0.2917543105382681,45.93432734471522,0.4108910348998635
2000,20,1,691.59,38.9,-25.5,0.4501407902626789,0.06195106839685448,1.773745069182007,0.0872839734594984
2000,200,10,66.4705,38.9,-25.4,4.32641932346555,0.1959064796149362,17.047921690750673,0.2760161593617015
2000,400,20,31.6398,38.8,-25.4,8.237461256382026,0.2770536004282111,32.45908080793813,0.39034579600345176